N° auto;nom;adresse;complément;code INSEE;commune;région administrative;geo_ban;geo_insee;corrdonnees_finales
54292;LA BARBACANE;PLACE DU 8 MAI 1945;;78062;Beynes;ILE-DE-FRANCE;48.855732, 1.875104;48.854444414, 1.86989017513;48.855732, 1.875104
119305;PATHE 1;RUE DE L'HAUTIL;ZA LES BOUTRIES;78172;Conflans-Sainte-Honorine;ILE-DE-FRANCE;49.004829, 2.077668;49.0001007823, 2.0990719052;49.004829, 2.077668
106262;LOUIS JOUVET;3 PLACE MAURICE BERTEAUX;;78146;Chatou;ILE-DE-FRANCE;48.886917, 2.156299;48.8965574645, 2.15393458329;48.886917, 2.156299
437561;STUDIO  DES CHAMPS LASNIERS;AVENUE DU BERRY;;91692;Les Ulis;ILE-DE-FRANCE;48.682507, 2.169714;48.680321482, 2.18518955;48.682507, 2.169714
258952;LA LUCIOLE;1 ROUTE DE PONTOISE;;95394;Méry-sur-Oise;ILE-DE-FRANCE;49.060326, 2.170288;49.0548422566, 2.17397254184;49.060326, 2.170288
120963;THEATRE DU CORMIER;123 RUE DE SAINT-GERMAIN;;95176;Cormeilles-en-Parisis;ILE-DE-FRANCE;48.959824, 2.189151;48.9682249677, 2.19921349468;48.959824, 2.189151
347164;CENTRE CULTUREL EDMOND ROSTAND;20 BD EDMOND ROSTAND;;92063;Rueil-Malmaison;ILE-DE-FRANCE;48.874384, 2.19011;48.8691897371, 2.1773406315;48.874384, 2.19011
108192;L'ATRIUM;3 PARVIS ROBERT SCHUMAN;;92022;Chaville;ILE-DE-FRANCE;48.813094, 2.192579;48.8076083562, 2.19234061062;48.813094, 2.192579
201524;CONTI 3;PLACE DU PATIS;;95313;L'Isle-Adam;ILE-DE-FRANCE;49.110771, 2.211976;49.1072255924, 2.23436241795;49.110771, 2.211976
362414;S E L (SEVRES ESPACE LOISIRS;47 GRANDE RUE;;92072;Sèvres;ILE-DE-FRANCE;48.824901, 2.214812;48.821476509, 2.21052297438;48.824901, 2.214812
370411;LE CAPITOLE 1;3 RUE LEDRU ROLLIN;;92073;Suresnes;ILE-DE-FRANCE;48.871363, 2.229109;48.8698479132, 2.21965517625;48.871363, 2.229109
327961;LE CENTRAL 1;134 RUE DE LA REPUBLIQUE;;92062;Puteaux;ILE-DE-FRANCE;48.885137, 2.239127;48.8837094969, 2.23834178314;48.885137, 2.239127
23323;LE FIGUIER BLANC 1 (EX-GALILEE 2);3TER RUE GREGOIRE COLLAS;;95018;Argenteuil;ILE-DE-FRANCE;48.943679, 2.24855;48.9511344629, 2.2410409502;48.943679, 2.24855
314413;CINEMA GERAR PHILIPE - SALLE 1;1 PLACE JANE RHODES;;92060;Le Plessis-Robinson;ILE-DE-FRANCE;48.777607, 2.254424;48.7804383642, 2.26064286011;48.777607, 2.254424
123914;ABEL GANCE;184 BD ST DENIS;;92026;Courbevoie;ILE-DE-FRANCE;48.901327, 2.271867;48.8984504771, 2.25570587289;48.901327, 2.271867
442002;LE VANVES;12 RUE SADI CARNOT;;92075;Vanves;ILE-DE-FRANCE;48.821779, 2.287439;48.8215227089, 2.28739490768;48.821779, 2.287439
2543;MAC MAHON;5/7 AV MAC MAHON;;75117;Paris 17me;ILE-DE-FRANCE;48.875715, 2.294655;48.8873371665, 2.30748555949;48.875715, 2.294655
147071;FRANCAIS 1;38 RUE DU GENERAL DE GAULLE;;95210;Enghien-les-Bains;ILE-DE-FRANCE;48.970841, 2.307185;48.97016048, 2.30485955429;48.970841, 2.307185
115104;CINEMA RUTEBEUF;16-18  ALLEES LEON-GAMBETTA;;92024;Clichy;ILE-DE-FRANCE;48.90196, 2.309342;48.9035359139, 2.30575230452;48.90196, 2.309342
802;UGC ROTONDE 1;103 BD DU MONTPARNASSE;;75106;Paris 6me;ILE-DE-FRANCE;48.842318, 2.328975;48.8489680919, 2.33267089859;48.842318, 2.328975
457861;ANDRE MALRAUX;28 AVENUE DE VERDUN;;92078;Villeneuve-la-Garenne;ILE-DE-FRANCE;48.935662, 2.333275;48.9364061917, 2.32448995943;48.935662, 2.333275
214;GAUMONT OPERA CAPUCINES 2;2/4 BOULEVARD DES CAPUCINES;;75109;Paris 9me;ILE-DE-FRANCE;48.871044, 2.33361;48.8768961624, 2.33746024139;48.871044, 2.33361
731;MK2 ODEON 2;113 BD ST GERMAIN;;75106;Paris 6me;ILE-DE-FRANCE;48.852437, 2.338266;48.8489680919, 2.33267089859;48.852437, 2.338266
408441;CINEMA FLOREAL;7/9 RUE DES ROSIERS;;93070;Saint-Ouen;ILE-DE-FRANCE;48.904144, 2.339193;48.909806575, 2.33257042205;48.904144, 2.339193
741;LUXEMBOURG 1;67 69 RUE MONSIEUR LE PRINCE;;75106;Paris 6me;ILE-DE-FRANCE;48.84824, 2.340797;48.8489680919, 2.33267089859;48.84824, 2.340797
8341;NOUVEL ODEON;6 RUE DE L ECOLE DE MEDECINE;;75106;Paris 6me;ILE-DE-FRANCE;48.850764, 2.341747;48.8489680919, 2.33267089859;48.850764, 2.341747
8361;ESPACE SAINT MICHEL 1;7 PLACE ST MICHEL;;75105;Paris 5me;ILE-DE-FRANCE;48.853093, 2.344228;48.8445086596, 2.34985938556;48.853093, 2.344228
1681;UGC CINE CITE LES HALLES 1;101 RUE BERGER;FORUM DES HALLES;75101;Paris 1er;ILE-DE-FRANCE;48.861424, 2.345829;48.8626304852, 2.33629344655;48.861424, 2.345829
531;MK2 BEAUBOURG 1;50 RUE RAMBUTEAU;;75103;Paris 3me;ILE-DE-FRANCE;48.861555, 2.352217;48.8630541318, 2.35936105897;48.861555, 2.352217
1392;L'ARCHIPEL 1;17 BD DE STRASBOURG;;75110;Paris 10me;ILE-DE-FRANCE;48.870455, 2.35466;48.8760285569, 2.36111290456;48.870455, 2.35466
381912;ECRAN 1;14 PASSAGE DE L ACQUEDUC;;93066;Saint-Denis;ILE-DE-FRANCE;48.93659, 2.358747;48.9295650455, 2.3592429975;48.93659, 2.358747
381941;GAUMONT 1;8 RUE DU MONDIAL 1998;;93066;Saint-Denis;ILE-DE-FRANCE;48.925395, 2.363117;48.9295650455, 2.3592429975;48.925395, 2.363117
202562;PATHE 1;5 RUE FRANCOIS MITTERRAND;2 QUAI MARCEL BOYER;94041;Ivry-sur-Seine;ILE-DE-FRANCE;48.824074, 2.387803;48.8128063812, 2.38778023612;48.824074, 2.387803
125135;L'ETOILE;1 ALLEE DU PROGRES;;93027;La Courneuve;ILE-DE-FRANCE;48.926821, 2.391627;48.9322569546, 2.39978064801;48.926821, 2.391627
6212;MK2 NATION 1;133 BOULEVARD DIDEROT;;75112;Paris 12me;ILE-DE-FRANCE;48.848213, 2.39311;48.8351562307, 2.41980703497;48.848213, 2.39311
173332;JACQUES BREL A;PLACE DE L'HOTEL DE VILLE;;95268;Garges-lès-Gonesse;ILE-DE-FRANCE;48.971945, 2.399817;48.9701231267, 2.40534038501;48.971945, 2.399817
36013;CIN'HOCHE 1;6 RUE HOCHE;;93006;Bagnolet;ILE-DE-FRANCE;48.869237, 2.417029;48.8690836308, 2.42274096688;48.869237, 2.417029
226883;THEATRE DU GARDE CHASSE;2 AVENUE WALDECK ROUSSEAU;;93045;Les Lilas;ILE-DE-FRANCE;48.881921, 2.419546;48.8819208939, 2.419667821;48.881921, 2.419546
276086;MELIES 01;PLACE JEAN JAURES;;93048;Montreuil;ILE-DE-FRANCE;48.862437, 2.442502;48.8633175054, 2.44816211857;48.862437, 2.442502
128541;CINEMA DU PALAIS 1;40 ALLEE PARMENTIER;;94028;Créteil;ILE-DE-FRANCE;48.786063, 2.444158;48.7837401836, 2.45463530415;48.786063, 2.444158
59031;MAGIC 1;RUE DU CHEMIN VERT;;93008;Bobigny;ILE-DE-FRANCE;48.90494, 2.447393;48.907688244, 2.43863982727;48.90494, 2.447393
57582;LOUIS DAQUIN 1;76 RUE VICTOR HUGO;;93007;Le Blanc-Mesnil;ILE-DE-FRANCE;48.941761, 2.457313;48.9395475536, 2.46112148528;48.941761, 2.457313
272392;LE CYRANO;114 AVENUE DE LA REPUBLIQUE;;91421;Montgeron;ILE-DE-FRANCE;48.703763, 2.46109;48.6951531801, 2.46249881778;48.703763, 2.46109
164112;LE KOSMOS;243TER AVENUE DE LA REPUBLIQUE;;94033;Fontenay-sous-Bois;ILE-DE-FRANCE;48.852329, 2.461111;48.8511046382, 2.47395409774;48.852329, 2.461111
128535;LA LUCARNE MJC;100 RUE JULIETTE SAVAR;;94028;Créteil;ILE-DE-FRANCE;48.777428, 2.466468;48.7837401836, 2.45463530415;48.777428, 2.466468
120293;ARCEL K;15 PLACE LEON CASSE;;91174;Corbeil-Essonnes;ILE-DE-FRANCE;48.603813, 2.469302;48.6034809251, 2.46934079002;48.603813, 2.469302
181553;THEATRE SARAH BERNHARDT;82 BD PAUL VAILLANT COUTURIER;;95280;Goussainville;ILE-DE-FRANCE;49.03242, 2.471796;49.024343017, 2.46619848866;49.03242, 2.471796
343750;UGC CINE CITE ROSNY 1;16 RUE CONRAD ADENAUER;CENTRE COMMERCIAL ROSNY 2;93064;Rosny-sous-Bois;ILE-DE-FRANCE;48.880702, 2.480345;48.8745763768, 2.4863404591;48.880702, 2.480345
62121;GERARD PHILIPE;2 RUE PABLO NERUDA;;94011;Bonneuil-sur-Marne;ILE-DE-FRANCE;48.774577, 2.486664;48.7733620104, 2.48799310463;48.774577, 2.486664
307692;CENTRE DES BORDS DE MARNE;2 RUE DE LA PRAIRIE;;94058;Le Perreux-sur-Marne;ILE-DE-FRANCE;48.84694, 2.509968;48.8423952383, 2.50406848573;48.84694, 2.509968
370073;ESPACE JEAN-MARIE POIRIER (EX-CENTRE CULTUREL);ESPLANADE DU 18 JUIN 1940;;94071;Sucy-en-Brie;ILE-DE-FRANCE;48.757589, 2.557006;48.7656456593, 2.5330560803;48.757589, 2.557006
166051;CINEMA DE  L'YSIEUX;PLACE JEAN MOULIN;;95250;Fosses;ILE-DE-FRANCE;49.099306, 2.524919;49.1000437966, 2.49906495383;49.099306, 2.524919
172043;THEATRE ANDRE MALRAUX;1 BIS RUE GUILLEMETEAU;;93032;Gagny;ILE-DE-FRANCE;48.884043, 2.529952;48.8820763119, 2.5449484757;48.884043, 2.529952
229833;CINE MUNICIPAL YVES MONTAND;36 RUE EUGENE MASSE;;93046;Livry-Gargan;ILE-DE-FRANCE;48.92579, 2.545121;48.9197633213, 2.53486592332;48.92579, 2.545121
292374;UGC CINE CITE 10;CENTRE COMMERCIAL LES ARCADES;;93051;Noisy-le-Grand;ILE-DE-FRANCE;48.840097, 2.547002;48.8361825401, 2.56443736814;48.840097, 2.547002
433972;JACQUES TATI 1;29 BIS AV CHARLES DE GAULLE;;93073;Tremblay-en-France;ILE-DE-FRANCE;48.996038, 2.547173;48.9784304121, 2.55468501543;48.996038, 2.547173
255991;VARIETES 1;20 BD CHAMBLAIN;;77288;Melun;ILE-DE-FRANCE;48.533449, 2.6548;48.5444723553, 2.65795821917;48.533449, 2.6548
254781;MAJESTIC 1;11 PLACE HENRI IV;;77284;Meaux;ILE-DE-FRANCE;48.95945, 2.882959;48.9570625667, 2.90003097245;48.95945, 2.882959
244700;MEGA CGR 1;PLACE HENRI DUNANT;;78361;Mantes-la-Jolie;ILE-DE-FRANCE;48.989669, 1.715985;48.9981665392, 1.69337806821;48.989669, 1.715985
432832;SALLE JEAN RENOIR;PLACE DU 8 MAI 1945;;78621;Trappes;ILE-DE-FRANCE;;48.7750019561, 1.99344014312;48.7750019561, 1.99344014312
59690;LA GRANGE DE LA TREMBLAYE;RUE DU PARC;FERME DE LA TREMBLAYE;78073;Bois-d'Arcy;ILE-DE-FRANCE;48.800013, 2.023763;48.8044185716, 2.01911294303;48.800013, 2.023763
273071;JACQUES BREL;RUE DE LA MARE AUX CARATS;;78423;Montigny-le-Bretonneux;ILE-DE-FRANCE;48.77004, 2.03446;48.779658781, 2.02952194549;48.77004, 2.03446
10992;PANDORA 1;6 ALLEE SIMONE SIGNORET;;78005;Achères;ILE-DE-FRANCE;48.960956, 2.067774;48.9717990892, 2.09003871824;48.960956, 2.067774
91492;CINE THEATRE;8 AVENUE CHARLES DE GAULLE;;78126;La Celle-Saint-Cloud;ILE-DE-FRANCE;48.847416, 2.136047;48.8469487124, 2.13519126228;48.847416, 2.136047
242003;L'ATALANTE;48 RUE DU PRIEURE;;78358;Maisons-Laffitte;ILE-DE-FRANCE;48.946355, 2.147062;48.9523369002, 2.15161594901;48.946355, 2.147062
152884;CINETAMPES;PLACE GEOFFROY ST HILAIRE;;91223;Etampes;ILE-DE-FRANCE;48.434287, 2.157598;48.4211282308, 2.13838881712;48.434287, 2.157598
455770;LE COLOMBIER;PLACE CHARLES DE GAULLE;;92077;Ville-d'Avray;ILE-DE-FRANCE;;48.8215895592, 2.17761311514;48.8215895592, 2.17761311514
172914;CINE GARCHES;86 GRANDE RUE;;92033;Garches;ILE-DE-FRANCE;48.844239, 2.188722;48.8450113548, 2.18665007789;48.844239, 2.188722
299572;SALLE JACQUES TATI (BOUVECHE;14 AVENUE SAINT LAURENT;;91471;Orsay;ILE-DE-FRANCE;48.698781, 2.189727;48.7004093953, 2.18737051177;48.698781, 2.189727
347175;ARIEL HAUTS DE RUEIL 1;59 AVENUE DE FOUILLEUSE;;92063;Rueil-Malmaison;ILE-DE-FRANCE;48.862565, 2.194794;48.8691897371, 2.1773406315;48.862565, 2.194794
284490;LES LUMIERES SALLE 1;49 RUE MAURICE THOREZ;;92050;Nanterre;ILE-DE-FRANCE;48.892601, 2.195729;48.8960701282, 2.20671346353;48.892601, 2.195729
273182;CENTRE PICASSO;RUE GUY DE MAUPASSANT;;95424;Montigny-lès-Cormeilles;ILE-DE-FRANCE;48.997001, 2.200873;48.9938035561, 2.19351793046;48.997001, 2.200873
260904;ESPACE CULTUREL ROBERT-DOISNEAU;16 AV DE LATTRE DE TASSIGNY;;92048;Meudon;ILE-DE-FRANCE;48.7873, 2.23254;48.8037275796, 2.22696287829;48.7873, 2.23254
260903;CENTRE D'ART ET DE CULTURE;15 BOULEVARD DES NATIONS-UNIES;;92048;Meudon;ILE-DE-FRANCE;48.81334, 2.235774;48.8037275796, 2.22696287829;48.81334, 2.235774
66923;PATHE 1;26 RUE LE CORBUSIER;;92012;Boulogne-Billancourt;ILE-DE-FRANCE;48.837649, 2.239534;48.8365843138, 2.23913599058;48.837649, 2.239534
117051;L'HELIOS 1;27 A 39 RUE DU BOURNARD;;92025;Colombes;ILE-DE-FRANCE;48.923159, 2.255372;48.9225179147, 2.24675160629;48.923159, 2.255372
105652;REX 1;364 AVE DE LA DIVISION LECLERC;;92019;Châtenay-Malabry;ILE-DE-FRANCE;48.765842, 2.259825;48.7681690197, 2.26282598525;48.765842, 2.259825
390452;LES TOILES OLYMPIC;PLACE FRANCOIS TRUFFAUT;;95555;Saint-Gratien;ILE-DE-FRANCE;;48.9689724948, 2.28518003438;48.9689724948, 2.28518003438
7491;GAUMONT AQUABOULEVARD 1;8/16 RUE DU COLONEL PIERRE AVIA;;75115;Paris 15me;ILE-DE-FRANCE;48.831112, 2.277018;48.8401554186, 2.29355937244;48.831112, 2.277018
144262;L'ORANGE B;7 RUE JEAN MERMOZ;;95203;Eaubonne;ILE-DE-FRANCE;48.992968, 2.278288;48.9909940165, 2.27800925488;48.992968, 2.278288
26662;L'ALCAZAR 1;1 RUE DE LA STATION;;92004;Asnières-sur-Seine;ILE-DE-FRANCE;48.906327, 2.284046;48.9153530123, 2.2880384663;48.906327, 2.284046
106031;CINEMA;7BIS RUE DE LA MAIRIE;;92020;Châtillon;ILE-DE-FRANCE;48.800675, 2.288049;48.8034091756, 2.28799131883;48.800675, 2.288049
356871;TRIANON;3 BIS RUE MARGUERITE RENAUDIN;;92071;Sceaux;ILE-DE-FRANCE;48.777656, 2.292628;48.776816369, 2.29529414514;48.777656, 2.292628
7394;GAUMONT CONVENTION 2;27 RUE ALAIN CHARTIER;;75115;Paris 15me;ILE-DE-FRANCE;48.837759, 2.296259;48.8401554186, 2.29355937244;48.837759, 2.296259
224413;PATHE 1;28 RUE D'ALSACE;;92044;Levallois-Perret;ILE-DE-FRANCE;48.891726, 2.296363;48.895071672, 2.28688268127;48.891726, 2.296363
12;GEORGE V 1;146 AVENUE DES CHAMPS ELYSEES;;75108;Paris 8me;ILE-DE-FRANCE;48.873073, 2.298394;48.8725272666, 2.31258256042;48.873073, 2.298394
7231;CHAPLIN  SAINT LAMBERT 1;6 RUE PECLET;;75115;Paris 15me;ILE-DE-FRANCE;48.843204, 2.298558;48.8401554186, 2.29355937244;48.843204, 2.298558
73423;JEAN COCTEAU;3 RUE ANATOLE FRANCE;;91103;Brétigny-sur-Orge;ILE-DE-FRANCE;48.608596, 2.303919;48.6025113399, 2.3021623232;48.608596, 2.303919
20931;FRANCOIS TRUFFAUT;10 AV DIVISION LECLERC;;92002;Antony;ILE-DE-FRANCE;48.753029, 2.304782;48.7503412602, 2.2993268102;48.753029, 2.304782
52;GAUMONT CHAMPS ELYSEES AMBASSADE 6;50 AVENUE DES CHAMPS ELYSEES;;75108;Paris 8me;ILE-DE-FRANCE;48.870374, 2.306888;48.8725272666, 2.31258256042;48.870374, 2.306888
169572;MJC LOUISE MICHEL;2 AV DU PARC DES SPORTS;;94034;Fresnes;ILE-DE-FRANCE;48.752796, 2.313077;48.7571343016, 2.32612839743;48.752796, 2.313077
9351;MK2 GRAND PALAIS;COURS LA REINE PORTE C;GRAND PALAIS CHAMPS ELYSEES;75108;Paris 8me;ILE-DE-FRANCE;;48.8725272666, 2.31258256042;48.8725272666, 2.31258256042
111583;FRANCOIS TRUFFAUT - SALLE JULES;2 RUE DE L ECOLE;;91161;Chilly-Mazarin;ILE-DE-FRANCE;48.703333, 2.314917;48.7077663127, 2.3111122334;48.703333, 2.314917
483;ENTREPOT 1;7 ET 9 RUE FRANCIS DE PRESSENSE;;75114;Paris 14me;ILE-DE-FRANCE;48.83393, 2.31652;48.8289932116, 2.32710088326;48.83393, 2.31652
35953;THEATRE VICTOR HUGO;14 AV VICTOR HUGO;;92007;Bagneux;ILE-DE-FRANCE;48.804045, 2.321692;48.7983229866, 2.30989995212;48.804045, 2.321692
481;GAUMONT PARNASSE 1;3 RUE D'ODESSA;;75114;Paris 14me;ILE-DE-FRANCE;48.843074, 2.324424;48.8289932116, 2.32710088326;48.843074, 2.324424
451;UGC MONTPARNASSE 1;83 BD DU MONTPARNASSE;;75106;Paris 6me;ILE-DE-FRANCE;48.84351, 2.325646;48.8489680919, 2.33267089859;48.84351, 2.325646
8132;GAUMONT ALESIA 1;73 AVENUE DU GENERAL LECLERC;;75114;Paris 14me;ILE-DE-FRANCE;48.828166, 2.327463;48.8289932116, 2.32710088326;48.828166, 2.327463
8143;MISTRAL 2;70 AV DU GENERAL LECLERC;;75114;Paris 14me;ILE-DE-FRANCE;48.829473, 2.328009;48.8289932116, 2.32710088326;48.829473, 2.328009
22636;MEGARAMA 1;8 AVENUE SALVADOR ALLENDE;;94003;Arcueil;ILE-DE-FRANCE;48.810228, 2.328168;48.8058803597, 2.33351024984;48.810228, 2.328168
140521;ESPACE ERMITAGE;ALLEE STE THERESE;;95199;Domont;ILE-DE-FRANCE;49.029848, 2.333804;49.0296655684, 2.32290103729;49.029848, 2.333804
321;GAUMONT OPERA PREMIER 1;32 RUE LOUIS LEGRAND;;75102;Paris 2me;ILE-DE-FRANCE;48.870632, 2.334338;48.8679033789, 2.34410716666;48.870632, 2.334338
202;GAUMONT OPERA FRANCAIS 8;38 BD DES ITALIENS;;75109;Paris 9me;ILE-DE-FRANCE;48.871048, 2.334386;48.8768961624, 2.33746024139;48.871048, 2.334386
204;UGC OPERA 1;32 BD DES ITALIENS;;75109;Paris 9me;ILE-DE-FRANCE;48.871332, 2.335302;48.8768961624, 2.33746024139;48.871332, 2.335302
81101;LA PLEIADE;12 AVENUE COUSIN DE MERICOURT;B.P. 9;94016;Cachan;ILE-DE-FRANCE;48.795796, 2.335316;48.7916121646, 2.33153313164;48.795796, 2.335316
202370;0SALLE GEORGES BRASSENS;SALLE GEORGES BRASSENS;;91315;Itteville;ILE-DE-FRANCE;;48.5145241389, 2.34431579636;48.5145241389, 2.34431579636
721;MK2 HAUTEFEUILLE 1;7 RUE HAUTEFEUILLE;;75106;Paris 6me;ILE-DE-FRANCE;48.852188, 2.342788;48.8489680919, 2.33267089859;48.852188, 2.342788
301;MAX LINDER;24 BD POISSONNIERE;;75109;Paris 9me;ILE-DE-FRANCE;48.871363, 2.344886;48.8768961624, 2.33746024139;48.871363, 2.344886
311;GRAND REX;5 BD POISSONNIERE;;75102;Paris 2me;ILE-DE-FRANCE;48.86872, 2.347608;48.8679033789, 2.34410716666;48.86872, 2.347608
8374;LE DESPERADO 1;23 RUE DES ECOLES;;75105;Paris 5me;ILE-DE-FRANCE;48.848384, 2.348973;48.8445086596, 2.34985938556;48.848384, 2.348973
8522;LA CLEF 1;21 RUE CLEF 34 RUE DAUBENTON;;75105;Paris 5me;ILE-DE-FRANCE;48.841154, 2.353269;48.8445086596, 2.34985938556;48.841154, 2.353269
8621;GAUMONT GOBELINS 1;58 AVENUE DES GOBELINS;;75113;Paris 13me;ILE-DE-FRANCE;48.833574, 2.353775;48.8287176845, 2.36246822852;48.833574, 2.353775
456762;CINEMA D'ART ROMAIN ROLLAND;18 RUE EUGENE VARLIN;;94076;Villejuif;ILE-DE-FRANCE;48.793428, 2.363199;48.7928547268, 2.36006103249;48.793428, 2.363199
5841;LA BASTILLE 1;5 RUE DU FAUBOURG ST ANTOINE;;75111;Paris 11me;ILE-DE-FRANCE;48.853157, 2.370719;48.8594154976, 2.37874106024;48.853157, 2.370719
6531;UGC LYON BASTILLE 3;12 RUE DE LYON;;75112;Paris 12me;ILE-DE-FRANCE;48.847502, 2.371855;48.8351562307, 2.41980703497;48.847502, 2.371855
9906;UGC CINE CITE PARIS 19 (1);166 BOULEVARD MAC DONALD;;75119;Paris 19me;ILE-DE-FRANCE;;48.886868623, 2.38469432787;48.886868623, 2.38469432787
202551;LE LUXY 1;77 AV GEORGES GOSNAT;;94041;Ivry-sur-Seine;ILE-DE-FRANCE;48.81362, 2.389338;48.8128063812, 2.38778023612;48.81362, 2.389338
338335;CINOCHE 4 - JEAN-LOUIS BARRAULT;AVENUE DE LA LIBERATION;;91521;Ris-Orangis;ILE-DE-FRANCE;48.651395, 2.414242;48.6451939168, 2.40793631766;48.651395, 2.414242
457983;ESPACE CULTUREL;56BIS AVENUE CARNOT;;94077;Villeneuve-le-Roi;ILE-DE-FRANCE;48.735355, 2.416829;48.7320914576, 2.41037420069;48.735355, 2.416829
338332;CINOCHE 1 - JEANNE MOREAU 1;ALLEE JEAN WIENER;;91521;Ris-Orangis;ILE-DE-FRANCE;48.65291, 2.418053;48.6451939168, 2.40793631766;48.65291, 2.418053
14693;LE POLE CULTUREL;82 RUE MARCEL BOURDARIAS;;94002;Alfortville;ILE-DE-FRANCE;48.807586, 2.422346;48.7960843864, 2.42124593241;48.807586, 2.422346
68114;LE CINEMA;10 AVENUE FRANCIS DE PRESSENSE;;93013;Le Bourget;ILE-DE-FRANCE;48.932361, 2.424858;48.9361847458, 2.42827855593;48.932361, 2.424858
256982;ESPACE CULTUREL J J ROBERT;7 AVENUE DE VILLEROY;;91386;Mennecy;ILE-DE-FRANCE;48.566348, 2.426685;48.5586242184, 2.43753236038;48.566348, 2.426685
154488;MEGA CGR 1;PLACE DE L'AGORA - CE 169;CENTRE COMMERCIAL EVRY 2;91228;Evry;ILE-DE-FRANCE;48.628947, 2.429599;48.6294831659, 2.44008244492;48.628947, 2.429599
241923;THEATRE CLAUDE DEBUSSY 01;116 AVENUE DU GENERAL DE GAULLE;;94046;Maisons-Alfort;ILE-DE-FRANCE;48.801474, 2.430493;48.8063923267, 2.43818248906;48.801474, 2.430493
462304;CINEMA SORANO;1 RUE CHARLES PATHE;;94080;Vincennes;ILE-DE-FRANCE;48.849453, 2.437319;48.8473732045, 2.43798650741;48.849453, 2.437319
341652;LE TRIANON;PL CARNOT ET 1 RUE ETIENNE DOLET;;93063;Romainville;ILE-DE-FRANCE;48.883869, 2.44086;48.8852118968, 2.43767884231;48.883869, 2.44086
720300;UGC CINE CITE 10;CENTRE COMMERCIAL CRETEIL SOLEIL;;94028;Créteil;ILE-DE-FRANCE;;48.7837401836, 2.45463530415;48.7837401836, 2.45463530415
97431;STUDIO 4;66 RUE JEAN JAURES;;94017;Champigny-sur-Marne;ILE-DE-FRANCE;48.814397, 2.508133;48.817254364, 2.51709815257;48.814397, 2.508133
461663;LE CASINO;13 RUE GUILLAUME BUDE;;94079;Villiers-sur-Marne;ILE-DE-FRANCE;48.826124, 2.542402;48.8259586165, 2.54520483293;48.826124, 2.542402
299122;CENTRE CULTUREL;22 AV WLADIMIR D ORMESSON;;94055;Ormesson-sur-Marne;ILE-DE-FRANCE;48.786098, 2.544935;48.7854562744, 2.53924214317;48.786098, 2.544935
264672;LA ROTONDE;PLACE DU 14 JUILLET;;77296;Moissy-Cramayel;ILE-DE-FRANCE;48.628281, 2.589982;48.6285851533, 2.5960231045;48.628281, 2.589982
74662;LES 4 VENTS;80 RUE DU GENERAL LECLERC;CENTRE COMMERCIAL DES 4 VENTS;77053;Brie-Comte-Robert;ILE-DE-FRANCE;48.696652, 2.607228;48.6920490316, 2.6140606052;48.696652, 2.607228
292341;LA FERME DU BUISSON SALLE 1;ALLEE DE LA FERME;NOISIEL;77337;Noisiel;ILE-DE-FRANCE;48.84468, 2.624254;48.8460926469, 2.61997100426;48.84468, 2.624254
439271;LES VARIETES;72 RUE DE CHELLES;;77479;Vaires-sur-Marne;ILE-DE-FRANCE;48.874168, 2.632366;48.8697812117, 2.63565952774;48.874168, 2.632366
341321;LA GRANGE;FERME DE L'AYAU;;77390;Roissy-en-Brie;ILE-DE-FRANCE;48.793178, 2.648662;48.7900855424, 2.66122415764;48.793178, 2.648662
301781;PIERRE BRASSEUR;103 AV DU GENERAL DE GAULLE;;77350;Ozoir-la-Ferrière;ILE-DE-FRANCE;48.762604, 2.664715;48.7635612396, 2.67962508199;48.762604, 2.664715
211844;ESPACE 1;5 RUE DELAMBRE;;77243;Lagny-sur-Marne;ILE-DE-FRANCE;48.879604, 2.706124;48.8730701858, 2.70978081313;48.879604, 2.706124
252712;LES 2 SCENES;PLACE HENRI DUNANT;;78380;Maule;ILE-DE-FRANCE;48.916554, 1.821165;48.9078548612, 1.83959534526;48.916554, 1.821165
28113;PAUL GRIMAULT;1 AV DE LA DIVISION LECLERC;;78029;Aubergenville;ILE-DE-FRANCE;48.9589, 1.855229;48.9626916321, 1.84870251915;48.9589, 1.855229
283043;FREDERIC DARD - CLUB A;77 RUE PAUL DOUMER;;78440;Les Mureaux;ILE-DE-FRANCE;48.993874, 1.910246;48.9888041078, 1.91363448925;48.993874, 1.910246
388971;C 2 L 1;25/27/29 RUE DU VIEUX MARCHE;;78551;Saint-Germain-en-Laye;ILE-DE-FRANCE;48.896605, 2.090977;48.9407041394, 2.09870929375;48.896605, 2.090977
119301;CINEVILLE 1(EX-ATALANTE);5 RUE ARNOULT CRAPOTTE;;78172;Conflans-Sainte-Honorine;ILE-DE-FRANCE;48.994644, 2.09504;49.0001007823, 2.0990719052;48.994644, 2.09504
320532;ROYAL UTOPIA;14 RUE ALEXANDRE PRACHAY;;95500;Pontoise;ILE-DE-FRANCE;49.049188, 2.099047;49.0513737853, 2.09487928948;49.049188, 2.099047
450503;CINEMA JEAN MARAIS;59 BD CARNOT;;78650;Le Vésinet;ILE-DE-FRANCE;48.893988, 2.134326;48.8938640591, 2.13039312004;48.893988, 2.134326
353531;SALLE 1;6 RUE HOCHE;;78586;Sartrouville;ILE-DE-FRANCE;48.937892, 2.159419;48.9396085498, 2.17458686513;48.937892, 2.159419
54692;ECRAN ELUARD 1;162 RUE MAURICE BERTEAUX;;95063;Bezons;ILE-DE-FRANCE;48.931156, 2.207081;48.9259810125, 2.21133387765;48.931156, 2.207081
379671;LES TROIS PIERROTS SALLE 1;6-8 RUE DU MONT VALERIEN;;92064;Saint-Cloud;ILE-DE-FRANCE;48.852362, 2.216385;48.8428741034, 2.20864570316;48.852362, 2.216385
445702;UGC VELIZY 6;CENTRE COMMERCIAL VELIZY II;;78640;Vélizy-Villacoublay;ILE-DE-FRANCE;48.780955, 2.220219;48.783985823, 2.19707485523;48.780955, 2.220219
168193;CINE HENRI LANGLOIS;32 BIS RUE DE LA STATION;;95252;Franconville;ILE-DE-FRANCE;48.988437, 2.232576;48.9884161105, 2.2238932062;48.988437, 2.232576
302485;CINEPAL 1;AVENUE DU 8 MAI 1945;;91477;Palaiseau;ILE-DE-FRANCE;48.71031, 2.243459;48.7146765876, 2.22881488083;48.71031, 2.243459
59604;JEAN RENOIR;RUE DU GENERAL LECLERC;;92009;Bois-Colombes;ILE-DE-FRANCE;48.916548, 2.266897;48.9153368426, 2.26738552597;48.916548, 2.266897
252134;CINEMASSY 1;PLACE DE FRANCE;;91377;Massy;ILE-DE-FRANCE;48.732555, 2.28847;48.7277896426, 2.27513131903;48.732555, 2.28847
175513;CINEMA JEAN VIGO 1;1 RUE PIERRE ET MARIE CURIE;;92036;Gennevilliers;ILE-DE-FRANCE;48.928469, 2.293206;48.9345190548, 2.29384987973;48.928469, 2.293206
35;BALZAC 1;1 RUE BALZAC;;75108;Paris 8me;ILE-DE-FRANCE;48.872925, 2.299878;48.8725272666, 2.31258256042;48.872925, 2.299878
54;GAUMONT CHAMPS ELYSEES MARIGNAN 3;27/33 AVENUE DES CHAMPS ELYSEES;;75108;Paris 8me;ILE-DE-FRANCE;48.869654, 2.306873;48.8725272666, 2.31258256042;48.869654, 2.306873
68212;AUDITORIUM DU CONSERVATOIRE;11 BD CARNOT;;92014;Bourg-la-Reine;ILE-DE-FRANCE;48.778884, 2.317531;48.7799073627, 2.31643010763;48.778884, 2.317531
274702;EDEN 1;5 RUE DE PONTOISE;;95428;Montmorency;ILE-DE-FRANCE;48.988818, 2.318091;48.9918643363, 2.32119797848;48.988818, 2.318091
406812;SALLE A;PLACE MARCEL CARNE;;91570;Saint-Michel-sur-Orge;ILE-DE-FRANCE;48.637713, 2.320768;48.6320496004, 2.31170277845;48.637713, 2.320768
575001;MEGARAMA 1;44 AVENUE DE LA LONGUE BERTRANE;;92078;Villeneuve-la-Garenne;ILE-DE-FRANCE;48.930677, 2.320895;48.9364061917, 2.32448995943;48.930677, 2.320895
386864;LE PERRAY 2;44/46 AV GABRIEL PERI;;91549;Sainte-Geneviève-des-Bois;ILE-DE-FRANCE;48.647712, 2.326708;48.6412523804, 2.33019417891;48.647712, 2.326708
801;MK2 PARNASSE 1;11 RUE JULES CHAPLAIN;;75106;Paris 6me;ILE-DE-FRANCE;48.842813, 2.330525;48.8489680919, 2.33267089859;48.842813, 2.330525
22634;JEAN VILAR 1;1 RUE PAUL SIGNAC;;94003;Arcueil;ILE-DE-FRANCE;48.801352, 2.330702;48.8058803597, 2.33351024984;48.801352, 2.330702
751;SAINT ANDRE  DES ARTS 1;30 RUE ST ANDRE DES ARTS;;75106;Paris 6me;ILE-DE-FRANCE;48.853361, 2.34211;48.8489680919, 2.33267089859;48.853361, 2.34211
8391;LE CINEMA DU PANTHEON;13 RUE VICTOR COUSIN;;75105;Paris 5me;ILE-DE-FRANCE;48.847502, 2.342301;48.8445086596, 2.34985938556;48.847502, 2.342301
8513;REFLET MEDICIS 1;7 RUE CHAMPOLLION;;75105;Paris 5me;ILE-DE-FRANCE;48.849591, 2.342836;48.8445086596, 2.34985938556;48.849591, 2.342836
8514;EPEE DE BOIS 1;100 RUE MOUFFETARD;;75105;Paris 5me;ILE-DE-FRANCE;48.841535, 2.34958;48.8445086596, 2.34985938556;48.841535, 2.34958
9452;LE LOUXOR  SALLE 1 YOUSSEF CHAHINE;170 BOULEVARD DE MAGENTA;;75110;Paris 10me;ILE-DE-FRANCE;48.883487, 2.349853;48.8760285569, 2.36111290456;48.883487, 2.349853
1791;LUMINOR HOTEL DE VILLE 1;20 RUE DU TEMPLE;;75104;Paris 4me;ILE-DE-FRANCE;48.858689, 2.353591;48.854228282, 2.35736193814;48.858689, 2.353591
5852;MAJESTIC BASTILLE 1;4 BD RICHARD LENOIR;;75111;Paris 11me;ILE-DE-FRANCE;48.860238, 2.37214;48.8594154976, 2.37874106024;48.860238, 2.37214
206924;CINEMA AGNES VARDA;37-39 GRANDE RUE;;91326;Juvisy-sur-Orge;ILE-DE-FRANCE;48.688996, 2.376314;48.6918789321, 2.37393682594;48.688996, 2.376314
368403;SALLE PAUL ELUARD;PLACE MARCEL POINTET;;93072;Stains;ILE-DE-FRANCE;48.951678, 2.381372;48.9567775699, 2.3854495629;48.951678, 2.381372
4571;LA GEODE;26 AV CORENTIN CARIOU;;75119;Paris 19me;ILE-DE-FRANCE;48.896314, 2.384409;48.886868623, 2.38469432787;48.896314, 2.384409
28264;STUDIO;2 RUE EDOUARD POISSON;;93001;Aubervilliers;ILE-DE-FRANCE;48.910534, 2.384966;48.9121722626, 2.38445513768;48.910534, 2.384966
6611;UGC CINE CITE BERCY 10;2 COUR SAINT-EMILION;;75112;Paris 12me;ILE-DE-FRANCE;48.833595, 2.38604;48.8351562307, 2.41980703497;48.833595, 2.38604
27573;CINEMA VENTURA;RUE SAMUEL DESBORDES;;91027;Athis-Mons;ILE-DE-FRANCE;48.7102, 2.388137;48.7092445775, 2.38660492325;48.7102, 2.388137
463931;ROBESPIERRE 1;19 AVENUE MAXIMILIEN ROBESPIERRE;;94081;Vitry-sur-Seine;ILE-DE-FRANCE;48.790948, 2.388152;48.7882828307, 2.39412680533;48.790948, 2.388152
37350;CINE TOILE;2 RUE DES COLOMBES;;91045;Ballancourt-sur-Essonne;ILE-DE-FRANCE;48.528643, 2.388787;48.521899752, 2.38788025142;48.528643, 2.388787
179852;CINE THEATRE JACQUES PREVERT;PLACE AIME-CESAIRE;;95277;Gonesse;ILE-DE-FRANCE;;48.9864903049, 2.4569899628;48.9864903049, 2.4569899628
462321;VINCENNES 1;30 AV DE PARIS;;94080;Vincennes;ILE-DE-FRANCE;48.845095, 2.434268;48.8473732045, 2.43798650741;48.845095, 2.434268
204534;SALLE PIERRE ET JACQUES PREVERT;RUE DE PARIS;;94042;Joinville-le-Pont;ILE-DE-FRANCE;48.816711, 2.468136;48.8193683216, 2.47044977809;48.816711, 2.468136
61504;SALLE ANDRE MALRAUX;25 COURS DE LA REPUBLIQUE;;93010;Bondy;ILE-DE-FRANCE;48.901598, 2.480089;48.9023234526, 2.4837276939;48.901598, 2.480089
404603;LE LIDO;70 AV DE LA REPUBLIQUE;;94068;Saint-Maur-des-Fossés;ILE-DE-FRANCE;48.798427, 2.485821;48.7990677797, 2.49386450452;48.798427, 2.485821
291891;ROYAL PALACE 1;165 GRANDE RUE CHARLES DE GAULLE;;94052;Nogent-sur-Marne;ILE-DE-FRANCE;48.838331, 2.489437;48.8366634713, 2.48166741533;48.838331, 2.489437
469245;CINEMA PARADISO;2 RUE MARC SANGNIER;;91691;Yerres;ILE-DE-FRANCE;48.714932, 2.489765;48.7157210712, 2.49273020271;48.714932, 2.489765
305402;ESPACE DES ARTS;PLACE CHARLES DE GAULLE;;93057;Les Pavillons-sous-Bois;ILE-DE-FRANCE;48.903037, 2.507379;48.9082060253, 2.50297448267;48.903037, 2.507379
288024;LA FAUVETTE;21 AV DANIEL PERDRIGE;;93049;Neuilly-Plaisance;ILE-DE-FRANCE;48.87311, 2.510505;48.8643287852, 2.51040249898;48.87311, 2.510505
404612;LES 4 DELTA 4;81 BIS AVENUE DU BAC;;94068;Saint-Maur-des-Fossés;ILE-DE-FRANCE;48.793451, 2.514771;48.7990677797, 2.49386450452;48.793451, 2.514771
108774;COSMOS 1;22 AV DE LA RESISTANCE;;77108;Chelles;ILE-DE-FRANCE;48.877872, 2.586341;48.883962967, 2.59686448583;48.877872, 2.586341
263912;CONCORDE;4 AV DES BOSQUETS;;77294;Mitry-Mory;ILE-DE-FRANCE;48.956929, 2.603083;48.9779450158, 2.61244465751;48.956929, 2.603083
133212;PATHE DAMMARIE 1;824 AVENUE DU LYS;LA CARTONNERIE;77152;Dammarie-les-Lys;ILE-DE-FRANCE;48.517401, 2.627798;48.5138338655, 2.62854374259;48.517401, 2.627798
162844;ERMITAGE 2;6 RUE DE FRANCE;;77186;Fontainebleau;ILE-DE-FRANCE;48.404394, 2.699594;48.4066856508, 2.68031396389;48.404394, 2.699594
442370;CINEMA CONFLUENCES 1;PETIT FOSSARD;;77482;Varennes-sur-Seine;ILE-DE-FRANCE;48.367677, 2.957289;48.3685393925, 2.93052193046;48.367677, 2.957289
123373;HEMISPHERE THEATER 1;23 RUE MARCEL CLAVIER;;77131;Coulommiers;ILE-DE-FRANCE;48.809696, 3.090876;48.8122991656, 3.09124381847;48.809696, 3.090876
71901;LE RENAISSANCE;16 RUE DE L EGLISE;;77051;Bray-sur-Seine;ILE-DE-FRANCE;48.415251, 3.237856;48.4145972795, 3.24389965363;48.415251, 3.237856
326550;LE REXY 1;QUARTIER DELORT;;77379;Provins;ILE-DE-FRANCE;48.559158, 3.304398;48.5633093312, 3.28756780085;48.559158, 3.304398
114032;CINEMA PARADISO (EX-HENRI LANGLOIS);PLACE CHARLES DE GAULLE;;78165;Les Clayes-sous-Bois;ILE-DE-FRANCE;48.821243, 1.987173;48.8186406601, 1.9840595554;48.821243, 1.987173
448802;ESPACE MAURICE BEJART;3 BLVD ANDRE MALRAUX;;78642;Verneuil-sur-Seine;ILE-DE-FRANCE;48.979213, 1.97461;48.9872093367, 1.96276532174;48.979213, 1.97461
444330;L'ANTARES 3;1, PLACE DU COEUR BATTANT;VAUREAL;95637;Vauréal;ILE-DE-FRANCE;49.030119, 2.021182;49.0295073382, 2.02446619061;49.030119, 2.021182
381152;LES YEUX D'ELSA;11 BIS AVE JEAN JAURES;;78545;Saint-Cyr-l'Ecole;ILE-DE-FRANCE;48.799763, 2.067533;48.8065759294, 2.0659250703;48.799763, 2.067533
177201;LE CENTRAL;SQUARE DE LA MAIRIE;;91272;Gif-sur-Yvette;ILE-DE-FRANCE;48.701701, 2.13387;48.6988273634, 2.12788365005;48.701701, 2.13387
449702;ROXANE 4;6 RUE ST SIMON;;78646;Versailles;ILE-DE-FRANCE;48.803954, 2.133847;48.8025669671, 2.11789297191;48.803954, 2.133847
248192;ENRICO;10 RUE CARNOT;;78372;Marly-le-Roi;ILE-DE-FRANCE;48.871284, 2.095564;48.865007453, 2.09125004298;48.871284, 2.095564
246432;ATMOSPHERE;PARC DES CELESTINS;;91363;Marcoussis;ILE-DE-FRANCE;48.642026, 2.222592;48.6463321888, 2.20621393661;48.642026, 2.222592
422871;STUDIO 207 1;207 RUE DE PARIS;;95607;Taverny;ILE-DE-FRANCE;49.026312, 2.224754;49.0267316203, 2.22116067166;49.026312, 2.224754
244715;CHAPLIN;PLACE MENDES FRANCE;;78361;Mantes-la-Jolie;ILE-DE-FRANCE;49.000101, 1.683456;48.9981665392, 1.69337806821;49.000101, 1.683456
331271;VOX ODEON;71 RUE DU GENERAL DE GAULLE;;78517;Rambouillet;ILE-DE-FRANCE;48.644508, 1.823157;48.6539051954, 1.82652871851;48.644508, 1.823157
437562;UGC LES ULIS 1;CENTRE COMMERCIAL LES ULIS 2;;91692;Les Ulis;ILE-DE-FRANCE;48.675884, 2.175597;48.680321482, 2.18518955;48.675884, 2.175597
23301;JEAN GABIN (EX-GALILEE 1);12-14 BOULEVARD LEON FEIX;PARC DE L'HOTEL DE VILLE;95018;Argenteuil;ILE-DE-FRANCE;48.946909, 2.249331;48.9511344629, 2.2410409502;48.946909, 2.249331
327945;UGC CINE CITE LA DEFENSE 1;LE DOME;CENTRE COMMERCIAL LES 4 TEMPS;92062;Puteaux;ILE-DE-FRANCE;48.876233, 2.242749;48.8837094969, 2.23834178314;48.876233, 2.242749
113523;CINEMA JEANNE MOREAU;22 RUE PAUL VAILLANT COUTURIER;;92023;Clamart;ILE-DE-FRANCE;48.802513, 2.263801;48.7964306792, 2.25474652922;48.802513, 2.263801
148324;MEGA CGR 1;5 AVENUE DU MARECHAL  JOFFRE;;93031;Epinay-sur-Seine;ILE-DE-FRANCE;48.957859, 2.301996;48.9550132062, 2.31453043231;48.957859, 2.301996
66835;CINEMA LANDOWSKI;28 AVENUE ANDRE-MORIZET;;92012;Boulogne-Billancourt;ILE-DE-FRANCE;48.83591, 2.239289;48.8365843138, 2.23913599058;48.83591, 2.239289
117025;MJC THEATRE DE COLOMBES;96, 98 RUE ST DENIS;;92025;Colombes;ILE-DE-FRANCE;48.923862, 2.250041;48.9225179147, 2.24675160629;48.923862, 2.250041
1031;PUBLICIS  CINEMA 2;133 AV DES CHAMPS ELYSEES;;75108;Paris 8me;ILE-DE-FRANCE;48.872794, 2.296984;48.8725272666, 2.31258256042;48.872794, 2.296984
9802;CLUB DE L ETOILE;14 RUE TROYON;;75117;Paris 17me;ILE-DE-FRANCE;48.876113, 2.295345;48.8873371665, 2.30748555949;48.876113, 2.295345
228122;ATELIER BARBARA (EX-ANATOLE FRANCE);22-24 RUE ALSACE LORRAINE;;94044;Limeil-Brévannes;ILE-DE-FRANCE;48.754601, 2.487656;48.7450357782, 2.48936184357;48.754601, 2.487656
69641;BUXY 1;CENTRE COMMERCIAL VAL D'YERRES 2;;91097;Boussy-Saint-Antoine;ILE-DE-FRANCE;48.683571, 2.535014;48.6895309069, 2.53381915314;48.683571, 2.535014
117921;LA COUPOLE;RUE JEAN FRANCOIS MILLET;;77122;Combs-la-Ville;ILE-DE-FRANCE;48.659579, 2.566711;48.657908631, 2.57516916269;48.659579, 2.566711
286831;MELIES 1;9 RUE BEZOUT;;77333;Nemours;ILE-DE-FRANCE;48.265654, 2.695374;48.2596067909, 2.71107993087;48.265654, 2.695374
9950;ETOILE LILAS 1;PLACE DU MAQUIS DU VERCORS;;75120;Paris 20me;ILE-DE-FRANCE;;48.8631867774, 2.40081982673;48.8631867774, 2.40081982673
112014;SALLE PAUL ELUARD;4 AV DE VILLENEUVE ST GEORGES;;94022;Choisy-le-Roi;ILE-DE-FRANCE;48.766383, 2.414699;48.764315118, 2.41742518222;48.766383, 2.414699
425503;PATHE BELLE EPINE 4;CENTRE COMMERCIAL BELLE EPINE;;94073;Thiais;ILE-DE-FRANCE;48.756508, 2.371928;48.7607841928, 2.38537729524;48.756508, 2.371928
9616;MK2 A&E 1;15/43 QUAI FRANCOIS MAURIAC;;75113;Paris 13me;ILE-DE-FRANCE;48.832993, 2.378615;48.8287176845, 2.36246822852;48.832993, 2.378615
4713;BORIS VIAN;211 AV JEAN JAURES;;75119;Paris 19me;ILE-DE-FRANCE;48.888947, 2.392436;48.886868623, 2.38469432787;48.888947, 2.392436
110351;GAUMONT DISNEY VILLAGE 1;1 ESPLANADE FRANCOIS TRUFFAUT;;77111;Chessy;ILE-DE-FRANCE;;48.8723310998, 2.77039964715;48.8723310998, 2.77039964715
148321;SALLE SERGE GAINSBOURG;RUE DU GENERAL JULIEN;;93031;Epinay-sur-Seine;ILE-DE-FRANCE;48.95411, 2.312115;48.9550132062, 2.31453043231;48.95411, 2.312115
147084;CENTRE DES ARTS;12-16, RUE DE LA LIBERATION;;95210;Enghien-les-Bains;ILE-DE-FRANCE;48.971934, 2.305204;48.97016048, 2.30485955429;48.971934, 2.305204
8161;CHAPLIN DENFERT;24 PLACE DENFERT ROCHEREAU;;75114;Paris 14me;ILE-DE-FRANCE;48.833879, 2.330976;48.8289932116, 2.32710088326;48.833879, 2.330976
7711;GAUMONT MONTPARNOS 1;16 18 RUE D ODESSA;;75114;Paris 14me;ILE-DE-FRANCE;48.841914, 2.324596;48.8289932116, 2.32710088326;48.841914, 2.324596
8291;L'ARLEQUIN PANORAMA;76 RUE DE RENNES;;75106;Paris 6me;ILE-DE-FRANCE;48.851278, 2.330648;48.8489680919, 2.33267089859;48.851278, 2.330648
821;PARNASSIEN 1;98 BD DU MONTPARNASSE;;75114;Paris 14me;ILE-DE-FRANCE;48.842443, 2.327625;48.8289932116, 2.32710088326;48.842443, 2.327625
242422;MARCEL PAGNOL;17 RUE BERANGER;;92046;Malakoff;ILE-DE-FRANCE;48.820911, 2.302756;48.8169695977, 2.29693599517;48.820911, 2.302756
55;ELYSEES LINCOLN 1;14 RUE LINCOLN;;75108;Paris 8me;ILE-DE-FRANCE;48.870512, 2.303157;48.8725272666, 2.31258256042;48.870512, 2.303157
303445;SALLE DES FETES;1, RUE ALSACE-LORRAINE;;91479;Paray-Vieille-Poste;ILE-DE-FRANCE;48.712693, 2.363281;48.7241848219, 2.3598349385;48.712693, 2.363281
5861;MK2 BASTILLE 1;3 BD R LENOIR 4/6 BD BEAUMARCHAI;;75111;Paris 11me;ILE-DE-FRANCE;48.854674, 2.369381;48.8594154976, 2.37874106024;48.854674, 2.369381
4731;MK2 QUAI DE SEINE 1;14 QUAI DE LA SEINE;;75119;Paris 19me;ILE-DE-FRANCE;48.885073, 2.371493;48.886868623, 2.38469432787;48.885073, 2.371493
8451;STUDIO DES URSULINES;10 RUE DES URSULINES;;75105;Paris 5me;ILE-DE-FRANCE;48.842733, 2.342044;48.8445086596, 2.34985938556;48.842733, 2.342044
1393;LE BRADY 1;39 BOULEVARD DE STRASBOURG;;75110;Paris 10me;ILE-DE-FRANCE;48.871771, 2.355398;48.8760285569, 2.36111290456;48.871771, 2.355398
8632;UGC GOBELINS 3;66 BIS AV DES GOBELINS;;75113;Paris 13me;ILE-DE-FRANCE;48.832888, 2.354241;48.8287176845, 2.36246822852;48.832888, 2.354241
8531;LE GRAND ACTION 1;5 RUE DES ECOLES;;75105;Paris 5me;ILE-DE-FRANCE;48.847537, 2.352122;48.8445086596, 2.34985938556;48.847537, 2.352122
8331;UGC DANTON 1;99 BD ST GERMAIN;;75106;Paris 6me;ILE-DE-FRANCE;48.852138, 2.338995;48.8489680919, 2.33267089859;48.852138, 2.338995
8661;ESCURIAL 1;11 BD PORT ROYAL;;75113;Paris 13me;ILE-DE-FRANCE;48.836817, 2.349632;48.8287176845, 2.36246822852;48.836817, 2.349632
267481;CINEMA 11X20+14;21 RUE DE LA CROIX-ROUGE;;77298;Mons-en-Montois;ILE-DE-FRANCE;48.490092, 3.148397;48.4912312558, 3.13957041829;48.490092, 3.148397
374021;LE CRATERE;RUE JEAN MOULIN;;78537;Saint-Arnoult-en-Yvelines;ILE-DE-FRANCE;48.571134, 1.933453;48.5725220079, 1.93463847942;48.571134, 1.933453
146371;GRENOUILLE A;CENTRE COMMERCIAL DES 7 MARES;;78208;Elancourt;ILE-DE-FRANCE;48.766594, 1.949214;48.7781596518, 1.96049898519;48.766594, 1.949214
92329;UGC CINE CITE 1;8 PLACE DES 3 GARES;;95127;Cergy;ILE-DE-FRANCE;49.048716, 2.011298;49.0401131567, 2.05082123731;49.048716, 2.011298
142171;PARTERRE 1;SQUARE DE LAC MEGANTIC;;91200;Dourdan;ILE-DE-FRANCE;48.528741, 2.015215;48.5359351532, 1.99430156785;48.528741, 2.015215
317291;C2L1;18 RUE CHARLES DE GAULLE;;78498;Poissy;ILE-DE-FRANCE;48.92287, 2.029616;48.9235359371, 2.02715552772;48.92287, 2.029616
720400;UGC CINE CITE SQY OUEST 1;1 AV. DE LA SOURCE DE LA BIEVRE;;78423;Montigny-le-Bretonneux;ILE-DE-FRANCE;48.784168, 2.039775;48.779658781, 2.02952194549;48.784168, 2.039775
205601;CENTRE CULTUREL;96 AVENUE DES BRUZACQUES;;95323;Jouy-le-Moutier;ILE-DE-FRANCE;49.011314, 2.043572;49.0113625056, 2.03408317867;49.011314, 2.043572
164022;THEATRE FONTENAY;PLACE DU 8 MAI 1945;;78242;Fontenay-le-Fleury;ILE-DE-FRANCE;48.811271, 2.045243;48.8177984988, 2.04662335413;48.811271, 2.045243
408323;UTOPIA 1;1 PLACE MENDES-FRANCE;;95572;Saint-Ouen-l'Aumône;ILE-DE-FRANCE;49.044334, 2.106823;49.0441683455, 2.12861303743;49.044334, 2.106823
449661;CYRANO A;7 RUE RAMEAU;;78646;Versailles;ILE-DE-FRANCE;48.807883, 2.130901;48.8025669671, 2.11789297191;48.807883, 2.130901
152882;ROTONDE A;102 RUE SAINT JACQUES;;91223;Etampes;ILE-DE-FRANCE;48.433642, 2.155867;48.4211282308, 2.13838881712;48.433642, 2.155867
443601;LE NORMANDY 1;72 BOULEVARD DE LA REPUBLIQUE;;92076;Vaucresson;ILE-DE-FRANCE;48.837881, 2.157499;48.8410515899, 2.16026455161;48.837881, 2.157499
347162;ARIEL 1;99 AVENUE PAUL DOUMER;;92063;Rueil-Malmaison;ILE-DE-FRANCE;48.879844, 2.180852;48.8691897371, 2.1773406315;48.879844, 2.180852
24753;STARS 5;13 AV DU GENERAL DE GAULLE;;91021;Arpajon;ILE-DE-FRANCE;48.590692, 2.250123;48.5908921647, 2.24349117607;48.590692, 2.250123
123905;CAMILLE ST SAENS(EX-ESP CARP);15 BOULEVARD ARISTIDE BRIAND;;92026;Courbevoie;ILE-DE-FRANCE;48.899883, 2.259136;48.8984504771, 2.25570587289;48.899883, 2.259136
149335;PIERRE FRESNAY;3 RUE SAINT FLAIVE;;95219;Ermont;ILE-DE-FRANCE;48.988575, 2.259906;48.98824217, 2.25662443737;48.988575, 2.259906
288151;LE VILLAGE 1;4 RUE DE CHEZY;;92051;Neuilly-sur-Seine;ILE-DE-FRANCE;48.885364, 2.268222;48.8853719688, 2.26642584746;48.885364, 2.268222
202214;CINE D'ISSY;MAIL RAYMOND MENAND;;92040;Issy-les-Moulineaux;ILE-DE-FRANCE;48.825247, 2.271161;48.82347434, 2.26449823277;48.825247, 2.271161
2251;MAJESTIC PASSY 1;18 - 20 RUE DE PASSY;;75116;Paris 16me;ILE-DE-FRANCE;48.858204, 2.282104;48.8603987604, 2.2620995594;48.858204, 2.282104
9700;PATHE 1;7 RUE LINOIS;CENTRE COMMERCIAL BEAUGRENELLE;75115;Paris 15me;ILE-DE-FRANCE;48.848895, 2.282585;48.8401554186, 2.29355937244;48.848895, 2.282585
612;UGC MAILLOT 3;PALAIS CONGRES PL PORTE MAILLOT;;75117;Paris 17me;ILE-DE-FRANCE;48.878577, 2.283835;48.8873371665, 2.30748555949;48.878577, 2.283835
45132;BEAUMONT PALACE;6 AV ANATOLE FRANCE;;95052;Beaumont-sur-Oise;ILE-DE-FRANCE;49.141412, 2.283076;49.1400981058, 2.30021267239;49.141412, 2.283076
163962;LE SCARRON;8 AV. JEANNE ET MAURICE DOLIVET;;92032;Fontenay-aux-Roses;ILE-DE-FRANCE;48.791543, 2.289748;48.7897301312, 2.28723493557;48.791543, 2.289748
31;UGC NORMANDIE 1;116 AVENUE DES CHAMPS ELYSEES;;75108;Paris 8me;ILE-DE-FRANCE;48.872265, 2.300938;48.8725272666, 2.31258256042;48.872265, 2.300938
9350;ELYSEES BIARRITZ;22 RUE QUENTIN BAUCHART;;75108;Paris 8me;ILE-DE-FRANCE;48.870569, 2.301955;48.8725272666, 2.31258256042;48.870569, 2.301955
276554;CINE MONTROUGE;88 RUE RACINE;;92049;Montrouge;ILE-DE-FRANCE;48.813222, 2.311441;48.8153032159, 2.31648921432;48.813222, 2.311441
2991;SAINT LAZARE PASQUIER 1;44 RUE PASQUIER;;75108;Paris 8me;ILE-DE-FRANCE;48.874832, 2.323941;48.8725272666, 2.31258256042;48.874832, 2.323941
803;BRETAGNE 1;73 BD DU MONTPARNASSE;;75106;Paris 6me;ILE-DE-FRANCE;48.843752, 2.324925;48.8489680919, 2.33267089859;48.843752, 2.324925
3211;LE CINEMA DES CINEASTES 1;7 AVENUE DE CLICHY;;75117;Paris 17me;ILE-DE-FRANCE;48.884303, 2.326888;48.8873371665, 2.30748555949;48.884303, 2.326888
2982;CAUMARTIN 4 (EX CINEVOG 4 );101 RUE ST LAZARE;;75109;Paris 9me;ILE-DE-FRANCE;48.87561, 2.32791;48.8768961624, 2.33746024139;48.87561, 2.32791
3222;PATHE WEPLER 8;132 -140 BOULEVARD DE CLICHY;;75118;Paris 18me;ILE-DE-FRANCE;48.883938, 2.328034;48.8927350746, 2.34871193387;48.883938, 2.328034
814;LUCERNAIRE FORUM  GRANDE SAL;53 RUE NOTRE DAME DES CHAMPS;;75106;Paris 6me;ILE-DE-FRANCE;48.844244, 2.330407;48.8489680919, 2.33267089859;48.844244, 2.330407
891;ST GERMAIN DES PRES;22 RUE GUILLAUME APOLLINAIRE;;75106;Paris 6me;ILE-DE-FRANCE;48.85467, 2.333052;48.8489680919, 2.33267089859;48.85467, 2.333052
3741;STUDIO 28;10 RUE THOLOZE;;75118;Paris 18me;ILE-DE-FRANCE;48.886142, 2.335342;48.8927350746, 2.34871193387;48.886142, 2.335342
193442;LA TOURNELLE;14 RUE DISPAN;;94038;L'Hay-les-Roses;ILE-DE-FRANCE;48.779749, 2.339014;48.7763207843, 2.33772915609;48.779749, 2.339014
8353;UGC ODEON 2;124 BD ST GERMAIN;;75106;Paris 6me;ILE-DE-FRANCE;48.852353, 2.339834;48.8489680919, 2.33267089859;48.852353, 2.339834
883;STUDIO CHRISTINE 1;4 RUE CHRISTINE;;75106;Paris 6me;ILE-DE-FRANCE;48.854455, 2.340132;48.8489680919, 2.33267089859;48.854455, 2.340132
8392;ACCATONE;20 RUE CUJAS;;75105;Paris 5me;ILE-DE-FRANCE;48.84815, 2.341975;48.8445086596, 2.34985938556;48.84815, 2.341975
8425;QUARTIER LATIN 1;9 RUE CHAMPOLLION;;75105;Paris 5me;ILE-DE-FRANCE;48.849504, 2.342788;48.8445086596, 2.34985938556;48.849504, 2.342788
8422;LE CHAMPO SALLE 1;51 RUE DES ECOLES;;75105;Paris 5me;ILE-DE-FRANCE;48.849983, 2.343211;48.8445086596, 2.34985938556;48.849983, 2.343211
733;STUDIO GALANDE;42 RUE GALANDE;;75105;Paris 5me;ILE-DE-FRANCE;48.851619, 2.347076;48.8445086596, 2.34985938556;48.851619, 2.347076
110761;SALLE ANDRE MALRAUX;102 AV DU GENERAL DE GAULLE;;94021;Chevilly-Larue;ILE-DE-FRANCE;48.770432, 2.350955;48.766848001, 2.35306611234;48.770432, 2.350955
9600;MK2 BIBLIOTHEQUE A;128 A 162 AVENUE DE FRANCE;;75113;Paris 13me;ILE-DE-FRANCE;48.833718, 2.373922;48.8287176845, 2.36246822852;48.833718, 2.373922
9900;MK2 QUAI DE LOIRE 1;5/19 QUAI DE LA LOIRE;;75119;Paris 19me;ILE-DE-FRANCE;48.885067, 2.374123;48.886868623, 2.38469432787;48.885067, 2.374123
463353;CALYPSO A;38 RUE VICTOR BASCH;;91687;Viry-Châtillon;ILE-DE-FRANCE;48.681815, 2.379391;48.6696168935, 2.37374357641;48.681815, 2.379391
9920;PATHE  02;30 AVENUE CORENTIN CARIOU;;75119;Paris 19me;ILE-DE-FRANCE;48.897016, 2.385181;48.886868623, 2.38469432787;48.897016, 2.385181
298964;SALLE ARAGON;1 PLACE DU FER A CHEVAL;;94054;Orly;ILE-DE-FRANCE;;48.7429320073, 2.39468296999;48.7429320073, 2.39468296999
5691;MK2 GAMBETTA 1;6 RUE BELGRAND;;75120;Paris 20me;ILE-DE-FRANCE;48.864763, 2.399555;48.8631867774, 2.40081982673;48.864763, 2.399555
142831;ORANGERIE 2;117 AV HENRI BARBUSSE;;91201;Draveil;ILE-DE-FRANCE;48.686677, 2.408781;48.6778413772, 2.42197801862;48.686677, 2.408781
303281;CINE 104 SALLE 1;104 AV JEAN LOLIVE;;93055;Pantin;ILE-DE-FRANCE;48.89218, 2.408907;48.8983093876, 2.40872147475;48.89218, 2.408907
142752;ESPACE CULTUREL DU PARC;PLACE MAURICE NILES;;93029;Drancy;ILE-DE-FRANCE;48.927466, 2.438309;48.9234246259, 2.44492688692;48.927466, 2.438309
1314;BEVERLEY;14 RUE VILLE NEUVE;;75102;Paris 2me;ILE-DE-FRANCE;48.870051, 2.348686;48.8679033789, 2.34410716666;48.870051, 2.348686
30184;UGC CINE CITE O'PARINOR 1;LE HAUT DE GALY;CENTRE COMMERCIAL O'PARINOR;93005;Aulnay-sous-Bois;ILE-DE-FRANCE;48.960325, 2.473606;48.9458384367, 2.49329041687;48.960325, 2.473606
343762;ESPACE GEORGES SIMENON;PLACE CARNOT;;93064;Rosny-sous-Bois;ILE-DE-FRANCE;48.873327, 2.482728;48.8745763768, 2.4863404591;48.873327, 2.482728
30164;MELIES;134 RUE ANATOLE FRANCE;;93005;Aulnay-sous-Bois;ILE-DE-FRANCE;48.940586, 2.496291;48.9458384367, 2.49329041687;48.940586, 2.496291
60942;FORUM;PLACE DU FORUM;;94004;Boissy-Saint-Léger;ILE-DE-FRANCE;48.754035, 2.502015;48.7470359922, 2.52528049019;48.754035, 2.502015
433975;SALLE LIVE;RUE DES BUISSONS;CENTRE COMMERCIAL AEROVILLE;93073;Tremblay-en-France;ILE-DE-FRANCE;48.991044, 2.524032;48.9784304121, 2.55468501543;48.991044, 2.524032
384792;ESPACE CULTUREL LES 26 COULEURS;IMPASSE PASTEUR;;77407;Saint-Fargeau-Ponthierry;ILE-DE-FRANCE;48.535934, 2.547053;48.5390914714, 2.52499710746;48.535934, 2.547053
226040;GAUMONT CARRE SENART 1;3 ALLEE DU PREAMBULE;CENTRE COMMERCIAL CARRE SENART;77251;Lieusaint;ILE-DE-FRANCE;48.616119, 2.547927;48.6259910244, 2.54994732668;48.616119, 2.547927
292377;LE BIJOU 1;PLACE DE LA LIBERATION;;93051;Noisy-le-Grand;ILE-DE-FRANCE;48.849023, 2.552482;48.8361825401, 2.56443736814;48.849023, 2.552482
314451;ESPACE PAUL VALERY;72 ET 74 AVENUE ARDOUIN;;94059;Le Plessis-Trévise;ILE-DE-FRANCE;48.80535, 2.578145;48.8060154583, 2.57619846918;48.80535, 2.578145
356431;ESPACE PREVERT;QUARTIER DU PLESSIS LE ROI;;77445;Savigny-le-Temple;ILE-DE-FRANCE;48.57649, 2.579118;48.5884785769, 2.57373861268;48.57649, 2.579118
318801;APOLLO 1;62 AVENUE DE LA REPUBLIQUE;;77373;Pontault-Combault;ILE-DE-FRANCE;48.803412, 2.611316;48.7871411658, 2.61407436985;48.803412, 2.611316
429132;MEGA CGR 1;PROMENADE DU 7ÈME ART;CENTRE COMMERCIAL BAY 1 LOISIRS;77468;Torcy;ILE-DE-FRANCE;48.840592, 2.654959;48.8532553496, 2.65123227423;48.840592, 2.654959
444791;LA GRANGE;RUE AMBROISE PRO;;77487;Vaux-le-Pénil;ILE-DE-FRANCE;48.527795, 2.689584;48.5245871061, 2.69727154378;48.527795, 2.689584
162853;CINEPARADIS 1;10 AVENUE MARECHAL DE VILLARS;;77186;Fontainebleau;ILE-DE-FRANCE;48.400175, 2.71613;48.4066856508, 2.68031396389;48.400175, 2.71613
96533;JEAN GABIN;RUE PIERRE DE COUBERTIN;;77079;Champagne-sur-Seine;ILE-DE-FRANCE;48.398755, 2.80515;48.4093568314, 2.8079339272;48.398755, 2.80515
284362;LA BERGERIE;COUR EMILE ZOLA;;77327;Nangis;ILE-DE-FRANCE;48.555127, 3.0133;48.554637282, 3.00883892893;48.555127, 3.0133
